"mixture","smaller","seems","differ","globe","be"
"chair","cookies","different","social","claws","difference"
"mood","jar","type","composition","silent","horse"
"seed","forgot","breeze","instance","attention","policeman"
"make","search","chamber","fuel","news","excited"
"anywhere","your","fire","frequently","slowly","bar"
"wagon","should","rather","chosen","seems","kitchen"
"produce","city","weak","quite","shine","space"
"to","body","has","good","clock","sudden"
"these","wear","form","leaf","driving","view"
"stream","stronger","morning","read","continued","running"